{"stats":{"minecraft:broken":{"minecraft:wooden_sword":1},"minecraft:killed_by":{"born_in_chaos_v1:decaying_zombie_not_despawn":1,"undead_revamp2:the_moonflower":2,"minecraft:enderman":1,"born_in_chaos_v1:corpse_fly":1,"enemyexpansion:goblin":1,"enemyexpansion:huntsman":2,"undead_revamp2:clogger":3,"undead_revamp2:thespitter":2,"minecraft:vindicator":2,"minecraft:zombie":1,"enemyexpansion:direwolf":1,"born_in_chaos_v1:door_knight_not_despawn":1,"born_in_chaos_v1:dread_hound":1},"minecraft:picked_up":{"quark:crimson_chest":1,"luminousworld:groundpebbles_1":4,"minecraft:mud":1,"minecraft:crafting_table":3,"minecraft:coarse_dirt":1,"minecraft:chicken":1,"minecraft:gold_block":1,"minecraft:enchanted_book":1,"minecraft:string":6,"minecraft:item_frame":1,"earthmobsmod:duck_egg":2,"minecraft:rose_bush":2,"minecraft:jungle_sapling":1,"minecraft:poppy":1,"minecraft:iron_pickaxe":1,"minecraft:egg":3,"minecraft:stick":10,"iceandfire:ghost_chest":1,"born_in_chaos_v1:shattered_skull":1,"luminousworld:blue_petunias":1,"minecraft:oak_door":1,"minecraft:oak_fence":1,"minecraft:torch":3,"minecraft:acacia_log":2,"minecraft:cherry_log":3,"tombstone:grave_dust":9,"born_in_chaos_v1:pieceofdarkmetal":5,"minecraft:brown_carpet":1,"undead_revamp2:cloogerribs":31,"iceandfire:silver_ingot":2,"minecraft:arrow":6,"minecraft:rotten_flesh":74,"minecraft:peony":80,"minecraft:hay_block":6,"supplementaries:ash":1,"undead_revamp2:arapholia":1,"alexsmobs:kangaroo_meat":2,"minecraft:cobblestone":19,"born_in_chaos_v1:corpse_maggot":4,"minecraft:feather":1,"born_in_chaos_v1:monster_flesh":2,"minecraft:leather":55,"minecraft:oak_log":10,"iceandfire:ectoplasm":3,"minecraft:yellow_bed":14,"minecraft:dirt":36,"tombstone:gift":1,"born_in_chaos_v1:monster_skin":2,"minecraft:bone":46,"minecraft:wheat_seeds":13,"minecraft:iron_ingot":1,"luminousworld:elephant_grass":1,"luminousworld:white_petunias":1,"minecraft:oak_planks":1,"minecraft:scaffolding":64,"luminousworld:clovers_1":4,"minecraft:spider_eye":2,"minecraft:bundle":1,"alexsmobs:kangaroo_hide":1,"minecraft:slime_ball":10,"minecraft:iron_helmet":1,"minecraft:oak_sapling":2,"minecraft:coal":132,"iceandfire:raw_silver":5},"minecraft:killed":{"born_in_chaos_v1:zombie_lumberjack":2,"born_in_chaos_v1:door_knight_not_despawn":1,"alexsmobs:raccoon":1,"minecraft:spider":5,"undead_revamp2:clogger":1,"enemyexpansion:direwolf":2,"born_in_chaos_v1:zombie_bruiser":1,"born_in_chaos_v1:maggot":4,"undead_revamp2:deadclogger":1,"minecraft:chicken":1,"born_in_chaos_v1:skeleton_thrasher":1,"undead_revamp2:sucker":1,"enemyexpansion:goblin":1,"alexsmobs:kangaroo":1,"born_in_chaos_v1:fallen_chaos_knight":1,"undead_revamp2:the_moonflower":3,"enemyexpansion:sprinter":1,"born_in_chaos_v1:decrepit_skeleton":6,"minecraft:zombie":2,"luminousworld:swamp_zombie":1,"iceandfire:ghost":1,"born_in_chaos_v1:dread_hound":2,"born_in_chaos_v1:corpse_fly":1},"minecraft:custom":{"minecraft:mob_kills":42,"minecraft:interact_with_crafting_table":7,"minecraft:open_barrel":13,"minecraft:bell_ring":9,"minecraft:damage_dealt_resisted":1021,"minecraft:leave_game":2,"minecraft:time_since_death":17164,"minecraft:climb_one_cm":9598,"minecraft:walk_one_cm":185548,"minecraft:sprint_one_cm":337224,"minecraft:drop":58,"minecraft:play_time":101414,"minecraft:deaths":23,"minecraft:sneak_time":2129,"minecraft:walk_under_water_one_cm":2449,"minecraft:boat_one_cm":170550,"minecraft:jump":2036,"minecraft:walk_on_water_one_cm":16395,"minecraft:total_world_time":101414,"minecraft:sleep_in_bed":5,"minecraft:time_since_rest":14765,"minecraft:damage_taken":7014,"minecraft:damage_absorbed":40,"minecraft:damage_dealt":14775,"minecraft:swim_one_cm":40340,"minecraft:fly_one_cm":359371,"minecraft:open_chest":15,"minecraft:crouch_one_cm":3096,"tombstone:undead_killed":23,"minecraft:fall_one_cm":54458},"minecraft:dropped":{"minecraft:wheat_seeds":11,"minecraft:feather":1,"minecraft:cobblestone":1,"minecraft:item_frame":1,"minecraft:dirt":43,"tombstone:bag_of_seeds":2,"minecraft:rose_bush":2,"tombstone:grave_dust":10,"minecraft:jungle_sapling":1,"minecraft:string":9,"luminousworld:clovers_1":6,"minecraft:iron_nugget":4,"minecraft:coarse_dirt":2,"minecraft:wheat":2,"undead_revamp2:arapholia":1,"minecraft:chicken":1,"minecraft:rotten_flesh":70,"minecraft:poppy":1,"minecraft:peony":37,"born_in_chaos_v1:corpse_maggot":4,"minecraft:oak_sapling":2,"minecraft:spider_eye":2,"minecraft:arrow":6,"luminousworld:blue_petunias":1},"minecraft:used":{"minecraft:peony":1,"minecraft:iron_sword":244,"minecraft:torch":13,"minecraft:stick":2,"minecraft:dirt":4,"born_in_chaos_v1:smoked_flesh":7,"minecraft:scaffolding":32,"tombstone:gift":2,"minecraft:egg":3,"minecraft:acacia_boat":1,"minecraft:oak_planks":10,"luminousworld:groundpebbles_1":2,"minecraft:golden_apple":2,"minecraft:crafting_table":5,"minecraft:oak_log":4,"minecraft:mud":1,"minecraft:apple":1,"minecraft:bread":4,"minecraft:iron_pickaxe":128,"tombstone:grave_key":1,"minecraft:wooden_sword":57,"minecraft:yellow_bed":13},"minecraft:mined":{"luminousworld:groundpebbles_1":4,"iceandfire:graveyard_soil":1,"iceandfire:silver_ore":5,"luminousworld:grassvariant_4":1,"minecraft:jungle_leaves":63,"minecraft:acacia_log":2,"minecraft:grass_block":11,"luminousworld:grassvariant_2":3,"luminousworld:clovers_2":1,"luminousworld:savanna_grass_2":1,"minecraft:spawner":6,"minecraft:hay_block":6,"minecraft:peony":26,"minecraft:gold_block":1,"supplementaries:stick":1,"minecraft:vine":1,"luminousworld:clovers_3":1,"minecraft:stone":36,"luminousworld:creepbush":1,"luminousworld:savannah_soil":1,"minecraft:scaffolding":48,"luminousworld:birchtreemushrooms":1,"minecraft:oak_fence":1,"minecraft:crafting_table":3,"minecraft:torch":1,"luminousworld:savannah_grass_1":1,"iceandfire:ghost_chest":1,"minecraft:rose_bush":1,"minecraft:tall_grass":9,"minecraft:oak_planks":1,"minecraft:wall_torch":2,"minecraft:coarse_dirt":1,"luminousworld:clovers_1":1,"minecraft:mud":1,"minecraft:beehive":1,"minecraft:yellow_bed":15,"minecraft:grass":32,"minecraft:oak_log":6,"minecraft:coal_ore":69,"minecraft:dirt":10,"minecraft:cobweb":2,"quark:crimson_chest":1,"luminousworld:savannah_grass_4":2,"luminousworld:elephant_grass":2,"minecraft:oak_leaves":23,"minecraft:fern":5},"minecraft:crafted":{"minecraft:wooden_sword":1,"minecraft:oak_planks":36,"born_in_chaos_v1:pieceofdarkmetal":9,"minecraft:leather":4,"sophisticatedbackpacks:iron_backpack":1,"minecraft:wheat":54,"sophisticatedbackpacks:backpack":1,"minecraft:crafting_table":3,"minecraft:iron_sword":1,"sophisticatedbackpacks:gold_backpack":1,"minecraft:acacia_boat":1,"minecraft:stick":4,"quark:oak_chest":1,"minecraft:gold_ingot":9,"minecraft:acacia_planks":8,"minecraft:torch":40}},"DataVersion":3465}