{"stats":{"minecraft:custom":{"minecraft:mob_kills":47,"minecraft:interact_with_crafting_table":9,"minecraft:open_barrel":13,"minecraft:bell_ring":9,"minecraft:damage_dealt_resisted":1021,"minecraft:leave_game":3,"minecraft:time_since_death":3948,"minecraft:climb_one_cm":11897,"minecraft:walk_one_cm":214003,"minecraft:sprint_one_cm":404080,"minecraft:drop":59,"minecraft:play_time":135119,"minecraft:deaths":32,"minecraft:sneak_time":2612,"minecraft:walk_under_water_one_cm":22357,"minecraft:boat_one_cm":331020,"minecraft:jump":2381,"minecraft:walk_on_water_one_cm":34296,"minecraft:total_world_time":135119,"minecraft:interact_with_furnace":1,"minecraft:tune_noteblock":30,"minecraft:sleep_in_bed":5,"minecraft:time_since_rest":3718,"minecraft:damage_taken":9648,"minecraft:damage_absorbed":40,"minecraft:damage_dealt":16499,"minecraft:swim_one_cm":62996,"minecraft:fly_one_cm":424402,"minecraft:open_chest":16,"minecraft:crouch_one_cm":4954,"tombstone:undead_killed":26,"minecraft:fall_one_cm":64664},"minecraft:used":{"minecraft:peony":1,"minecraft:iron_sword":277,"minecraft:torch":13,"minecraft:stick":2,"minecraft:dirt":4,"born_in_chaos_v1:smoked_flesh":12,"iceandfire:ghost_chest":1,"minecraft:scaffolding":32,"tombstone:gift":2,"minecraft:egg":3,"minecraft:acacia_boat":1,"minecraft:oak_planks":10,"luminousworld:groundpebbles_1":2,"minecraft:golden_apple":2,"minecraft:crafting_table":5,"minecraft:oak_log":4,"minecraft:mud":1,"minecraft:apple":1,"minecraft:bread":4,"minecraft:iron_pickaxe":140,"tombstone:grave_key":5,"ecologics:coconut_slice":2,"minecraft:wooden_sword":57,"minecraft:yellow_bed":13},"minecraft:picked_up":{"quark:crimson_chest":1,"minecraft:mud":1,"luminousworld:groundpebbles_1":6,"minecraft:crafting_table":3,"minecraft:coarse_dirt":1,"minecraft:chicken":1,"earthmobsmod:fancy_egg":3,"minecraft:gold_block":1,"minecraft:enchanted_book":1,"iceandfire:sea_serpent_scales_blue":4,"minecraft:string":6,"minecraft:item_frame":1,"minecraft:iron_shovel":1,"earthmobsmod:duck_egg":2,"minecraft:rose_bush":2,"minecraft:jungle_sapling":1,"minecraft:poppy":1,"minecraft:iron_pickaxe":1,"minecraft:egg":3,"minecraft:stick":10,"iceandfire:ghost_chest":1,"born_in_chaos_v1:shattered_skull":1,"luminousworld:blue_petunias":1,"minecraft:oak_door":1,"ecologics:coconut_slice":4,"minecraft:oak_fence":1,"minecraft:torch":3,"minecraft:acacia_log":2,"minecraft:porkchop":2,"minecraft:cherry_log":3,"tombstone:grave_dust":9,"born_in_chaos_v1:pieceofdarkmetal":5,"minecraft:brown_carpet":1,"undead_revamp2:cloogerribs":31,"iceandfire:silver_ingot":2,"minecraft:arrow":8,"minecraft:rotten_flesh":75,"minecraft:peony":80,"minecraft:hay_block":6,"supplementaries:ash":1,"undead_revamp2:arapholia":1,"alexsmobs:kangaroo_meat":2,"minecraft:cobblestone":24,"born_in_chaos_v1:corpse_maggot":4,"minecraft:feather":1,"born_in_chaos_v1:monster_flesh":2,"iceandfire:sea_serpent_fang":4,"minecraft:leather":55,"minecraft:oak_log":10,"iceandfire:ectoplasm":3,"minecraft:yellow_bed":14,"minecraft:dirt":41,"tombstone:gift":1,"born_in_chaos_v1:monster_skin":2,"minecraft:bone":50,"minecraft:wheat_seeds":13,"minecraft:iron_ingot":1,"luminousworld:elephant_grass":1,"luminousworld:white_petunias":1,"minecraft:iron_sword":4,"minecraft:oak_planks":1,"minecraft:scaffolding":64,"luminousworld:clovers_1":4,"minecraft:spider_eye":2,"minecraft:bundle":1,"alexsmobs:kangaroo_hide":1,"minecraft:slime_ball":10,"minecraft:iron_helmet":1,"minecraft:oak_sapling":2,"minecraft:coal":136,"iceandfire:raw_silver":5},"minecraft:broken":{"minecraft:wooden_sword":1,"minecraft:iron_sword":1,"minecraft:iron_helmet":1},"minecraft:crafted":{"minecraft:cherry_planks":12,"minecraft:wooden_sword":1,"minecraft:oak_planks":36,"born_in_chaos_v1:pieceofdarkmetal":9,"minecraft:leather":4,"sophisticatedbackpacks:iron_backpack":1,"minecraft:wheat":54,"sophisticatedbackpacks:backpack":1,"minecraft:crafting_table":3,"minecraft:iron_sword":2,"sophisticatedbackpacks:gold_backpack":1,"minecraft:acacia_boat":1,"minecraft:stick":28,"quark:oak_chest":1,"minecraft:gold_ingot":9,"minecraft:acacia_planks":8,"minecraft:torch":40},"minecraft:dropped":{"minecraft:iron_sword":1,"minecraft:wheat_seeds":11,"minecraft:feather":1,"minecraft:cobblestone":1,"minecraft:item_frame":1,"minecraft:dirt":43,"tombstone:bag_of_seeds":2,"minecraft:rose_bush":2,"tombstone:grave_dust":10,"minecraft:jungle_sapling":1,"minecraft:string":9,"luminousworld:clovers_1":6,"minecraft:iron_nugget":4,"minecraft:coarse_dirt":2,"minecraft:wheat":2,"undead_revamp2:arapholia":1,"minecraft:chicken":1,"minecraft:rotten_flesh":70,"minecraft:poppy":1,"minecraft:peony":37,"born_in_chaos_v1:corpse_maggot":4,"minecraft:oak_sapling":2,"minecraft:spider_eye":2,"minecraft:arrow":6,"luminousworld:blue_petunias":1},"minecraft:mined":{"luminousworld:groundpebbles_1":4,"iceandfire:graveyard_soil":1,"iceandfire:silver_ore":5,"luminousworld:grassvariant_4":1,"minecraft:jungle_leaves":63,"minecraft:acacia_log":2,"minecraft:grass_block":14,"luminousworld:grassvariant_2":7,"luminousworld:clovers_2":1,"luminousworld:savanna_grass_2":1,"minecraft:spawner":6,"minecraft:hay_block":6,"minecraft:tall_seagrass":1,"minecraft:peony":26,"minecraft:gold_block":1,"supplementaries:stick":1,"minecraft:vine":1,"luminousworld:clovers_3":1,"minecraft:stone":41,"luminousworld:creepbush":1,"luminousworld:savannah_soil":1,"minecraft:scaffolding":48,"luminousworld:birchtreemushrooms":1,"minecraft:oak_fence":1,"minecraft:crafting_table":3,"minecraft:torch":1,"luminousworld:savannah_grass_1":1,"iceandfire:ghost_chest":1,"minecraft:rose_bush":1,"minecraft:tall_grass":10,"minecraft:oak_planks":1,"minecraft:wall_torch":2,"minecraft:coarse_dirt":1,"luminousworld:clovers_1":1,"minecraft:mud":1,"minecraft:beehive":1,"minecraft:yellow_bed":15,"minecraft:grass":36,"minecraft:oak_log":6,"minecraft:coal_ore":73,"minecraft:dirt":12,"minecraft:cobweb":2,"luminousworld:grassvariant_3":3,"quark:crimson_chest":1,"luminousworld:elephant_grass":2,"luminousworld:savannah_grass_4":2,"minecraft:oak_leaves":23,"minecraft:fern":5},"minecraft:killed":{"born_in_chaos_v1:zombie_lumberjack":2,"born_in_chaos_v1:door_knight_not_despawn":1,"alexsmobs:raccoon":1,"enemyexpansion:equestrian":1,"minecraft:spider":5,"undead_revamp2:clogger":1,"enemyexpansion:direwolf":2,"born_in_chaos_v1:zombie_bruiser":1,"born_in_chaos_v1:maggot":4,"minecraft:skeleton":1,"undead_revamp2:deadclogger":1,"minecraft:chicken":1,"born_in_chaos_v1:skeleton_thrasher":1,"earthmobsmod:zombified_rabbit":1,"undead_revamp2:sucker":1,"enemyexpansion:goblin":1,"alexsmobs:kangaroo":1,"born_in_chaos_v1:fallen_chaos_knight":1,"minecraft:pig":1,"undead_revamp2:the_moonflower":3,"enemyexpansion:sprinter":1,"born_in_chaos_v1:decrepit_skeleton":6,"minecraft:zombie":2,"luminousworld:swamp_zombie":1,"iceandfire:ghost":1,"born_in_chaos_v1:dread_hound":2,"born_in_chaos_v1:corpse_fly":1,"iceandfire:sea_serpent":1},"minecraft:killed_by":{"born_in_chaos_v1:decaying_zombie_not_despawn":1,"undead_revamp2:the_moonflower":2,"minecraft:creeper":1,"minecraft:spider":1,"minecraft:enderman":1,"enemyexpansion:equestrian":1,"born_in_chaos_v1:corpse_fly":1,"enemyexpansion:goblin":1,"enemyexpansion:huntsman":2,"iceandfire:sea_serpent":2,"undead_revamp2:clogger":3,"undead_revamp2:thespitter":2,"minecraft:vindicator":2,"minecraft:skeleton":2,"minecraft:zombie":1,"born_in_chaos_v1:corpse_fish":2,"enemyexpansion:direwolf":1,"born_in_chaos_v1:door_knight_not_despawn":1,"born_in_chaos_v1:dread_hound":1}},"DataVersion":3465}