{"stats":{"minecraft:mined":{"quark:red_corundum":15,"luminousworld:groundpebbles_1":4,"minecraft:tuff":3,"iceandfire:graveyard_soil":1,"iceandfire:silver_ore":11,"luminousworld:grassvariant_4":1,"minecraft:jungle_leaves":63,"minecraft:granite":1,"minecraft:acacia_log":2,"minecraft:grass_block":14,"born_in_chaos_v1:black_argillite":4,"luminousworld:grassvariant_2":7,"luminousworld:clovers_2":1,"luminousworld:savanna_grass_2":1,"minecraft:spawner":6,"minecraft:tall_seagrass":1,"minecraft:hay_block":6,"minecraft:redstone_ore":1,"minecraft:iron_ore":28,"minecraft:andesite":9,"minecraft:deepslate_lapis_ore":2,"minecraft:peony":26,"minecraft:gold_block":1,"supplementaries:stick":1,"minecraft:deepslate_iron_ore":11,"minecraft:vine":1,"luminousworld:clovers_3":1,"minecraft:stone":59,"minecraft:bone_block":115,"quark:red_corundum_cluster":3,"luminousworld:creepbush":1,"quark:violet_corundum":2,"minecraft:deepslate_redstone_ore":2,"luminousworld:savannah_soil":1,"minecraft:scaffolding":48,"luminousworld:birchtreemushrooms":1,"minecraft:oak_fence":1,"minecraft:crafting_table":3,"minecraft:torch":2,"luminousworld:savannah_grass_1":1,"iceandfire:ghost_chest":1,"minecraft:rose_bush":1,"minecraft:tall_grass":10,"minecraft:lapis_ore":1,"minecraft:oak_planks":1,"minecraft:wall_torch":3,"minecraft:diorite":2,"supplementaries:urn":6,"minecraft:coarse_dirt":1,"luminousworld:clovers_1":1,"minecraft:mud":1,"minecraft:beehive":1,"minecraft:yellow_bed":15,"minecraft:grass":36,"minecraft:oak_log":6,"minecraft:coal_ore":82,"minecraft:dirt":12,"luminousworld:grassvariant_3":3,"minecraft:cobweb":3,"quark:crimson_chest":1,"luminousworld:elephant_grass":2,"luminousworld:savannah_grass_4":2,"quark:violet_corundum_cluster":1,"minecraft:oak_leaves":23,"minecraft:deepslate":15,"minecraft:fern":5},"minecraft:crafted":{"minecraft:cherry_planks":12,"minecraft:wooden_sword":1,"minecraft:oak_planks":36,"born_in_chaos_v1:pieceofdarkmetal":9,"minecraft:leather":4,"sophisticatedbackpacks:iron_backpack":1,"minecraft:wheat":54,"sophisticatedbackpacks:backpack":1,"minecraft:crafting_table":3,"minecraft:iron_sword":2,"sophisticatedbackpacks:gold_backpack":1,"minecraft:acacia_boat":1,"minecraft:stick":28,"quark:oak_chest":1,"minecraft:gold_ingot":9,"minecraft:acacia_planks":8,"minecraft:torch":100},"minecraft:picked_up":{"quark:crimson_chest":1,"minecraft:mud":1,"luminousworld:groundpebbles_1":6,"minecraft:crafting_table":3,"minecraft:coarse_dirt":1,"minecraft:chicken":1,"earthmobsmod:fancy_egg":3,"minecraft:gold_block":1,"minecraft:enchanted_book":1,"iceandfire:sea_serpent_scales_blue":4,"born_in_chaos_v1:black_argillite":2,"minecraft:string":7,"minecraft:item_frame":1,"minecraft:iron_shovel":1,"minecraft:cobbled_deepslate":17,"earthmobsmod:duck_egg":2,"minecraft:rose_bush":2,"minecraft:jungle_sapling":1,"minecraft:poppy":1,"minecraft:iron_pickaxe":2,"minecraft:egg":3,"minecraft:stick":10,"minecraft:raw_iron":38,"iceandfire:ghost_chest":1,"born_in_chaos_v1:shattered_skull":1,"luminousworld:blue_petunias":1,"quark:violet_corundum":2,"minecraft:oak_door":1,"ecologics:coconut_slice":4,"minecraft:oak_fence":1,"minecraft:torch":10,"minecraft:acacia_log":2,"minecraft:porkchop":2,"minecraft:cherry_log":3,"tombstone:grave_dust":11,"minecraft:diorite":2,"born_in_chaos_v1:pieceofdarkmetal":5,"minecraft:redstone":15,"minecraft:brown_carpet":1,"undead_revamp2:cloogerribs":31,"iceandfire:silver_ingot":2,"minecraft:arrow":9,"minecraft:rotten_flesh":83,"minecraft:peony":80,"supplementaries:antique_ink":1,"quark:violet_corundum_cluster":2,"minecraft:hay_block":6,"supplementaries:ash":7,"undead_revamp2:arapholia":1,"alexsmobs:kangaroo_meat":2,"minecraft:bone_block":114,"minecraft:cobblestone":44,"born_in_chaos_v1:corpse_maggot":5,"minecraft:feather":1,"iceandfire:sea_serpent_fang":4,"born_in_chaos_v1:monster_flesh":2,"minecraft:andesite":8,"minecraft:leather":55,"minecraft:tuff":3,"minecraft:oak_log":10,"supplementaries:flax_seeds":2,"iceandfire:ectoplasm":3,"minecraft:yellow_bed":14,"minecraft:gunpowder":6,"minecraft:lapis_lazuli":15,"minecraft:dirt":41,"tombstone:gift":1,"born_in_chaos_v1:monster_skin":2,"minecraft:bone":62,"minecraft:wheat_seeds":13,"minecraft:iron_ingot":1,"luminousworld:elephant_grass":1,"luminousworld:white_petunias":1,"minecraft:iron_sword":5,"minecraft:oak_planks":1,"minecraft:scaffolding":64,"luminousworld:clovers_1":4,"quark:red_corundum_cluster":35,"quark:red_corundum":16,"minecraft:spider_eye":2,"minecraft:bundle":1,"alexsmobs:kangaroo_hide":1,"minecraft:slime_ball":10,"minecraft:iron_helmet":1,"minecraft:granite":1,"minecraft:oak_sapling":2,"minecraft:coal":145,"iceandfire:raw_silver":11,"minecraft:wheat":4},"minecraft:killed":{"born_in_chaos_v1:zombie_lumberjack":2,"born_in_chaos_v1:door_knight_not_despawn":1,"alexsmobs:raccoon":1,"enemyexpansion:equestrian":1,"minecraft:spider":5,"undead_revamp2:clogger":1,"enemyexpansion:direwolf":2,"born_in_chaos_v1:zombie_bruiser":1,"born_in_chaos_v1:maggot":5,"minecraft:skeleton":2,"undead_revamp2:deadclogger":1,"minecraft:chicken":1,"born_in_chaos_v1:skeleton_thrasher":1,"earthmobsmod:zombified_rabbit":1,"alexsmobs:centipede_head":1,"undead_revamp2:sucker":1,"enemyexpansion:goblin":1,"alexsmobs:kangaroo":1,"born_in_chaos_v1:fallen_chaos_knight":1,"minecraft:pig":1,"undead_revamp2:the_moonflower":3,"enemyexpansion:sprinter":1,"born_in_chaos_v1:decrepit_skeleton":6,"born_in_chaos_v1:bloody_gadfly":1,"enemyexpansion:meature":1,"minecraft:zombie":7,"iceandfire:ghost":1,"luminousworld:swamp_zombie":1,"born_in_chaos_v1:dread_hound":2,"born_in_chaos_v1:corpse_fly":1,"iceandfire:sea_serpent":1},"minecraft:broken":{"minecraft:wooden_sword":1,"minecraft:iron_sword":1,"minecraft:iron_pickaxe":1,"minecraft:iron_helmet":1},"minecraft:dropped":{"minecraft:iron_sword":2,"minecraft:wheat_seeds":11,"minecraft:feather":1,"minecraft:cobblestone":1,"minecraft:item_frame":1,"minecraft:dirt":43,"tombstone:bag_of_seeds":2,"minecraft:torch":1,"minecraft:rose_bush":2,"tombstone:grave_dust":10,"minecraft:jungle_sapling":1,"minecraft:iron_pickaxe":1,"minecraft:string":9,"luminousworld:clovers_1":6,"minecraft:iron_nugget":4,"minecraft:coarse_dirt":2,"minecraft:wheat":2,"undead_revamp2:arapholia":1,"minecraft:chicken":1,"minecraft:rotten_flesh":70,"minecraft:poppy":1,"minecraft:peony":37,"born_in_chaos_v1:corpse_maggot":4,"minecraft:oak_sapling":2,"minecraft:spider_eye":2,"minecraft:arrow":6,"luminousworld:blue_petunias":1},"minecraft:killed_by":{"born_in_chaos_v1:decaying_zombie_not_despawn":1,"undead_revamp2:the_moonflower":2,"enemyexpansion:trollenraged":3,"minecraft:creeper":1,"minecraft:spider":1,"minecraft:enderman":1,"enemyexpansion:equestrian":1,"born_in_chaos_v1:corpse_fly":1,"enemyexpansion:goblin":1,"enemyexpansion:huntsman":2,"iceandfire:sea_serpent":2,"undead_revamp2:clogger":3,"undead_revamp2:thespitter":2,"minecraft:vindicator":2,"alexsmobs:centipede_head":2,"minecraft:skeleton":3,"minecraft:zombie":2,"born_in_chaos_v1:corpse_fish":2,"enemyexpansion:direwolf":1,"born_in_chaos_v1:door_knight_not_despawn":1,"born_in_chaos_v1:dread_hound":1,"enemyexpansion:invisicreeper":4},"minecraft:used":{"minecraft:peony":1,"minecraft:iron_sword":328,"minecraft:stick":2,"minecraft:torch":31,"minecraft:dirt":4,"born_in_chaos_v1:smoked_flesh":12,"iceandfire:ghost_chest":1,"minecraft:scaffolding":32,"tombstone:gift":2,"minecraft:egg":3,"minecraft:cobbled_deepslate":5,"minecraft:acacia_boat":1,"minecraft:oak_planks":10,"luminousworld:groundpebbles_1":2,"minecraft:golden_apple":2,"minecraft:crafting_table":5,"minecraft:oak_log":4,"minecraft:mud":1,"minecraft:apple":1,"minecraft:bread":4,"minecraft:iron_pickaxe":389,"tombstone:grave_key":15,"ecologics:coconut_slice":2,"minecraft:wooden_sword":57,"minecraft:cobblestone":8,"minecraft:andesite":1,"minecraft:yellow_bed":13},"minecraft:custom":{"minecraft:mob_kills":63,"minecraft:interact_with_crafting_table":9,"minecraft:open_barrel":13,"minecraft:bell_ring":9,"minecraft:damage_dealt_resisted":1063,"minecraft:leave_game":4,"minecraft:time_since_death":580,"minecraft:climb_one_cm":12424,"minecraft:walk_one_cm":274794,"minecraft:sprint_one_cm":455545,"minecraft:drop":62,"minecraft:play_time":157492,"minecraft:sneak_time":3124,"minecraft:deaths":43,"minecraft:walk_under_water_one_cm":25738,"minecraft:boat_one_cm":331020,"minecraft:jump":2617,"minecraft:walk_on_water_one_cm":44270,"minecraft:total_world_time":157492,"minecraft:interact_with_furnace":1,"minecraft:tune_noteblock":30,"minecraft:sleep_in_bed":5,"minecraft:time_since_rest":410,"minecraft:damage_absorbed":40,"minecraft:damage_taken":13748,"minecraft:damage_dealt":18707,"minecraft:swim_one_cm":65555,"minecraft:fly_one_cm":455138,"minecraft:open_chest":16,"minecraft:crouch_one_cm":6663,"tombstone:undead_killed":33,"minecraft:fall_one_cm":70292}},"DataVersion":3465}